{"cameraMode":{"drawMode":0,"name":"Shaded","section":"Shading Mode"},"sceneLighting":true,"audioPlay":false,"sceneViewState":{"showFog":true,"showMaterialUpdate":false,"showSkybox":true,"showFlares":true,"showImageEffects":true,"showParticleSystems":true},"in2DMode":false,"pivot":{"x":-19.103145599365236,"y":-5.550286293029785,"z":23.968101501464845},"rotation":{"x":-0.07795067876577378,"y":0.40681448578834536,"z":-0.03487697243690491,"w":-0.9095243811607361},"size":16.98564338684082,"orthographic":false}